cluster,hhid,extid
21,21044,21044-02
95,95066,95066-02
95,95198,95198-07
95,95198,95198-08
11,11081,11081-02
11,11081,11081-03
49,49256,49256-03
33,33116,33116-04
33,33116,33116-11
12,12001,12001-06
12,12001,12001-07
12,12001,12001-08
59,59024,59024-07
59,59024,59024-08
59,59024,59024-09
72,72036,72036-03
72,72036,72036-04
90,90368,90368-03
90,90368,90368-04
90,90368,90368-05
55,55011,55011-04
36,36034,36034-07
36,36034,36034-08
59,59025,59025-04
59,59025,59025-05
90,90249,90249-04
90,90249,90249-05
94,94037,94037-03
94,94037,94037-04
94,94037,94037-05
94,94038,94038-05
94,94038,94038-06
59,59026,59026-05
38,38067,38067-04
24,24082,24082-03
44,44045,44045-04
91,91033,91033-04
91,91033,91033-05
91,91033,91033-07
94,94036,94036-05
94,94036,94036-06
94,94036,94036-08
94,94036,94036-09
61,61088,61088-04
61,61088,61088-05
61,61088,61088-06
68,68030,68030-03
68,68030,68030-04
68,68030,68030-05
94,94035,94035-08
94,94027,94027-04
94,94027,94027-05
94,94027,94027-06
49,49221,49221-04
49,49221,49221-05
59,59029,59029-03
63,63033,63033-02
63,63033,63033-03
63,63033,63033-04
63,63033,63033-05
12,12020,12020-03
94,94033,94033-06
94,94033,94033-07
94,94033,94033-09
14,14047,14047-04
67,67145,67145-03
67,67145,67145-04
67,67145,67145-05
67,67145,67145-08
81,81093,81093-03
81,81093,81093-04
81,81093,81093-05
67,67138,67138-02
67,67143,67143-03
67,67143,67143-04
67,67143,67143-05
65,65072,65072-04
65,65072,65072-05
74,74060,74060-02
74,74060,74060-03
14,14046,14046-04
78,78031,78031-03
78,78031,78031-04
59,59033,59033-04
17,17050,17050-03
17,17050,17050-04
17,17050,17050-05
33,33112,33112-08
33,33112,33112-09
70,70076,70076-02
70,70076,70076-03
91,91032,91032-03
94,94028,94028-04
94,94028,94028-05
94,94028,94028-06
07,07026,07026-05
07,07026,07026-06
17,17003,17003-04
17,17003,17003-05
17,17003,17003-06
17,17003,17003-07
17,17003,17003-08
33,33110,33110-03
33,33110,33110-04
53,53065,53065-04
53,53065,53065-05
17,17046,17046-02
17,17046,17046-03
25,25047,25047-06
95,95161,95161-04
95,95161,95161-06
95,95161,95161-09
95,95161,95161-10
68,68023,68023-03
13,13057,13057-02
13,13057,13057-03
94,94022,94022-05
25,25009,25009-06
25,25009,25009-07
25,25009,25009-08
13,13028,13028-03
24,24040,24040-04
24,24040,24040-05
75,75103,75103-09
54,54067,54067-02
25,25042,25042-04
25,25042,25042-05
25,25042,25042-06
25,25042,25042-07
63,63028,63028-02
63,63028,63028-03
63,63028,63028-04
63,63028,63028-05
25,25041,25041-02
25,25041,25041-03
25,25041,25041-04
46,46039,46039-03
96,96032,96032-05
96,96032,96032-06
34,34074,34074-04
34,34074,34074-05
17,17008,17008-03
53,53038,53038-05
53,53038,53038-06
53,53038,53038-07
53,53038,53038-08
53,53038,53038-09
67,67131,67131-03
67,67131,67131-04
67,67131,67131-05
56,56111,56111-03
56,56152,56152-03
44,44042,44042-03
44,44042,44042-04
44,44042,44042-05
56,56151,56151-03
56,56151,56151-04
56,56151,56151-05
69,69040,69040-06
69,69040,69040-07
69,69040,69040-08
69,69040,69040-09
79,79009,79009-03
44,44044,44044-04
44,44044,44044-05
44,44044,44044-06
44,44039,44039-03
54,54060,54060-09
54,54060,54060-10
54,54060,54060-11
54,54060,54060-12
25,25037,25037-02
25,25037,25037-03
25,25037,25037-04
25,25037,25037-05
96,96063,96063-06
96,96063,96063-07
96,96063,96063-08
25,25034,25034-04
96,96031,96031-02
96,96031,96031-03
96,96031,96031-04
94,94021,94021-03
94,94021,94021-04
16,16077,16077-09
16,16077,16077-10
16,16077,16077-11
16,16077,16077-12
16,16077,16077-13
37,37029,37029-07
37,37029,37029-08
37,37029,37029-09
37,37029,37029-11
37,37029,37029-12
37,37029,37029-13
37,37029,37029-14
37,37029,37029-15
37,37029,37029-16
22,22012,22012-05
22,22012,22012-06
22,22012,22012-07
91,91028,91028-04
91,91028,91028-05
91,91028,91028-06
91,91028,91028-07
44,44038,44038-03
91,91027,91027-05
17,17010,17010-03
41,41049,41049-03
77,77120,77120-06
77,77120,77120-07
25,25036,25036-03
25,25036,25036-04
56,56149,56149-03
07,07038,07038-08
07,07038,07038-10
07,07038,07038-11
41,41038,41038-05
41,41038,41038-06
41,41038,41038-07
25,25033,25033-03
25,25033,25033-04
25,25033,25033-05
61,61030,61030-03
61,61030,61030-04
61,61030,61030-05
61,61030,61030-06
61,61030,61030-07
07,07040,07040-05
61,61029,61029-04
61,61029,61029-05
61,61029,61029-06
38,38031,38031-02
38,38031,38031-03
25,25001,25001-05
25,25001,25001-06
17,17013,17013-03
17,17013,17013-04
81,81084,81084-05
81,81084,81084-06
95,95190,95190-05
41,41052,41052-04
88,88058,88058-03
88,88058,88058-04
88,88058,88058-05
88,88058,88058-06
45,45084,45084-04
81,81083,81083-02
81,81083,81083-03
36,36030,36030-09
36,36030,36030-13
05,05076,05076-02
05,05076,05076-03
96,96028,96028-06
96,96028,96028-07
96,96028,96028-08
96,96028,96028-09
57,57054,57054-05
57,57054,57054-06
57,57054,57054-07
15,15030,15030-04
15,15030,15030-05
15,15030,15030-06
15,15030,15030-07
10,10061,10061-02
55,55013,55013-03
61,61060,61060-02
84,84026,84026-03
84,84026,84026-04
44,44033,44033-02
84,84025,84025-04
84,84025,84025-05
84,84025,84025-06
84,84025,84025-07
16,16022,16022-05
16,16022,16022-06
16,16022,16022-07
44,44032,44032-02
44,44032,44032-03
63,63026,63026-05
63,63026,63026-06
63,63026,63026-07
63,63026,63026-08
02,02072,02072-04
02,02072,02072-05
60,60031,60031-04
60,60031,60031-05
51,51094,51094-04
51,51094,51094-05
96,96026,96026-03
96,96026,96026-04
96,96026,96026-05
16,16023,16023-04
16,16023,16023-05
33,33101,33101-06
49,49172,49172-03
85,85021,85021-02
85,85021,85021-03
85,85021,85021-04
85,85021,85021-05
80,80029,80029-02
80,80029,80029-03
28,28110,28110-03
28,28110,28110-04
28,28110,28110-05
12,12024,12024-04
12,12024,12024-05
24,24035,24035-03
24,24035,24035-04
25,25014,25014-04
25,25014,25014-05
25,25014,25014-06
25,25014,25014-07
25,25014,25014-08
25,25014,25014-09
49,49171,49171-07
49,49171,49171-08
49,49171,49171-09
92,92060,92060-02
92,92060,92060-03
56,56115,56115-03
43,43105,43105-03
43,43105,43105-04
43,43105,43105-05
43,43105,43105-06
17,17017,17017-03
17,17017,17017-04
28,28075,28075-03
28,28075,28075-04
68,68022,68022-05
68,68022,68022-06
68,68022,68022-07
79,79034,79034-03
79,79034,79034-04
67,67094,67094-04
67,67094,67094-05
78,78028,78028-02
78,78028,78028-03
45,45085,45085-04
45,45085,45085-05
45,45085,45085-06
45,45085,45085-07
45,45085,45085-08
05,05075,05075-03
53,53026,53026-03
77,77116,77116-03
77,77116,77116-04
77,77116,77116-05
77,77116,77116-06
77,77116,77116-07
36,36026,36026-06
36,36026,36026-07
36,36026,36026-08
36,36026,36026-09
36,36026,36026-14
82,82004,82004-03
82,82004,82004-04
81,81080,81080-02
92,92026,92026-03
92,92026,92026-04
92,92026,92026-05
92,92026,92026-07
07,07007,07007-04
07,07007,07007-05
08,08021,08021-06
08,08021,08021-07
19,19026,19026-03
19,19026,19026-04
19,19026,19026-05
19,19026,19026-06
03,03026,03026-05
03,03026,03026-06
03,03026,03026-07
46,46033,46033-02
80,80092,80092-07
53,53025,53025-03
67,67059,67059-03
77,77115,77115-03
77,77115,77115-04
77,77115,77115-06
21,21029,21029-05
21,21029,21029-06
21,21029,21029-07
21,21029,21029-08
45,45086,45086-02
45,45086,45086-03
70,70029,70029-03
70,70029,70029-04
07,07064,07064-03
07,07064,07064-04
07,07064,07064-05
34,34105,34105-02
26,26032,26032-05
26,26032,26032-06
26,26032,26032-07
26,26032,26032-10
07,07063,07063-03
22,22014,22014-05
22,22014,22014-06
22,22014,22014-07
07,07062,07062-04
07,07062,07062-05
07,07062,07062-06
38,38027,38027-02
23,23094,23094-04
23,23094,23094-05
23,23094,23094-06
46,46030,46030-04
46,46030,46030-05
46,46030,46030-06
46,46030,46030-07
69,69016,69016-03
56,56028,56028-03
28,28107,28107-05
28,28107,28107-06
28,28107,28107-07
28,28107,28107-08
44,44031,44031-03
44,44031,44031-04
44,44031,44031-05
44,44031,44031-06
44,44031,44031-07
44,44031,44031-08
44,44031,44031-09
24,24071,24071-03
24,24071,24071-04
56,56066,56066-03
56,56066,56066-04
37,37025,37025-04
37,37025,37025-05
37,37025,37025-06
02,02074,02074-04
12,12082,12082-04
12,12082,12082-05
26,26031,26031-02
87,87034,87034-02
87,87034,87034-03
84,84023,84023-05
45,45091,45091-04
94,94017,94017-05
94,94017,94017-06
25,25013,25013-04
25,25013,25013-05
77,77180,77180-07
10,10092,10092-03
10,10092,10092-04
17,17019,17019-05
17,17019,17019-06
17,17019,17019-07
81,81025,81025-04
81,81025,81025-10
81,81025,81025-11
81,81025,81025-12
63,63022,63022-03
63,63022,63022-04
63,63022,63022-05
63,63022,63022-06
63,63022,63022-10
10,10091,10091-03
95,95185,95185-04
95,95185,95185-05
95,95185,95185-06
95,95185,95185-10
84,84021,84021-04
20,20025,20025-02
20,20025,20025-04
69,69031,69031-05
69,69031,69031-06
69,69031,69031-07
33,33097,33097-03
33,33097,33097-04
22,22015,22015-08
25,25010,25010-06
49,49089,49089-03
78,78026,78026-02
78,78026,78026-03
81,81024,81024-06
81,81024,81024-07
81,81024,81024-08
13,13032,13032-04
79,79033,79033-03
79,79033,79033-04
79,79033,79033-05
79,79033,79033-06
14,14034,14034-06
14,14034,14034-07
14,14034,14034-08
03,03022,03022-03
41,41030,41030-03
15,15023,15023-07
15,15023,15023-08
33,33096,33096-02
27,27023,27023-03
27,27023,27023-04
90,90168,90168-04
90,90168,90168-05
90,90168,90168-06
85,85054,85054-03
85,85054,85054-04
85,85054,85054-05
82,82051,82051-03
82,82051,82051-04
82,82051,82051-05
07,07061,07061-04
49,49088,49088-03
30,30117,30117-03
30,30117,30117-05
77,77112,77112-04
77,77112,77112-05
22,22017,22017-03
22,22017,22017-04
79,79032,79032-04
79,79032,79032-05
15,15022,15022-03
19,19024,19024-03
19,19024,19024-04
19,19024,19024-05
19,19024,19024-06
14,14033,14033-05
53,53055,53055-03
53,53055,53055-04
57,57021,57021-04
33,33023,33023-02
33,33023,33023-03
12,12084,12084-03
12,12084,12084-04
12,12084,12084-05
27,27021,27021-03
27,27021,27021-04
23,23027,23027-03
23,23027,23027-04
81,81022,81022-03
81,81022,81022-04
81,81022,81022-05
81,81022,81022-06
03,03063,03063-02
03,03063,03063-03
56,56063,56063-02
07,07015,07015-04
07,07015,07015-05
07,07015,07015-06
07,07015,07015-07
07,07015,07015-08
31,31063,31063-03
10,10053,10053-03
10,10053,10053-04
40,40033,40033-03
40,40033,40033-04
28,28105,28105-05
10,10052,10052-07
10,10052,10052-08
10,10052,10052-09
23,23092,23092-03
23,23092,23092-04
83,83147,83147-02
03,03021,03021-03
83,83100,83100-03
83,83100,83100-04
83,83100,83100-05
87,87029,87029-04
87,87029,87029-05
87,87029,87029-06
87,87029,87029-07
87,87029,87029-12
94,94016,94016-03
94,94016,94016-04
02,02064,02064-02
58,58026,58026-06
58,58026,58026-07
58,58026,58026-08
38,38059,38059-03
38,38059,38059-04
38,38059,38059-05
38,38059,38059-06
18,18054,18054-06
18,18020,18020-05
96,96020,96020-03
96,96020,96020-04
96,96020,96020-05
96,96020,96020-06
87,87028,87028-02
92,92056,92056-04
92,92056,92056-05
92,92056,92056-06
61,61018,61018-04
93,93019,93019-03
93,93019,93019-04
93,93019,93019-05
14,14031,14031-05
14,14031,14031-06
14,14031,14031-07
61,61053,61053-03
61,61053,61053-04
61,61053,61053-05
48,48018,48018-05
48,48018,48018-06
48,48018,48018-07
55,55020,55020-03
55,55020,55020-04
55,55020,55020-05
68,68019,68019-04
68,68019,68019-05
68,68019,68019-06
85,85017,85017-05
22,22019,22019-10
22,22019,22019-11
22,22019,22019-12
22,22019,22019-13
14,14030,14030-04
93,93048,93048-06
93,93048,93048-07
93,93048,93048-08
79,79031,79031-05
79,79031,79031-06
79,79031,79031-07
79,79031,79031-08
79,79031,79031-10
33,33018,33018-05
33,33018,33018-06
33,33018,33018-08
20,20021,20021-04
20,20021,20021-05
20,20021,20021-06
20,20021,20021-07
18,18019,18019-03
18,18019,18019-04
08,08019,08019-03
23,23054,23054-02
23,23054,23054-03
23,23054,23054-04
23,23054,23054-05
33,33094,33094-02
21,21020,21020-05
21,21020,21020-06
21,21020,21020-07
21,21020,21020-08
33,33054,33054-03
33,33054,33054-04
45,45094,45094-07
54,54025,54025-04
54,54025,54025-06
41,41025,41025-05
41,41025,41025-06
14,14029,14029-05
84,84018,84018-04
84,84018,84018-05
62,62052,62052-04
62,62052,62052-05
62,62052,62052-06
27,27020,27020-03
27,27020,27020-04
27,27020,27020-05
90,90203,90203-07
90,90203,90203-08
81,81021,81021-03
81,81021,81021-04
19,19020,19020-03
19,19020,19020-04
22,22020,22020-06
22,22020,22020-07
22,22020,22020-08
60,60022,60022-05
36,36021,36021-03
33,33017,33017-04
95,95120,95120-04
95,95120,95120-05
95,95120,95120-07
58,58024,58024-04
58,58024,58024-05
58,58024,58024-06
58,58024,58024-07
55,55081,55081-04
55,55081,55081-05
55,55081,55081-06
55,55081,55081-07
48,48053,48053-03
48,48053,48053-04
57,57047,57047-07
57,57047,57047-08
49,49084,49084-03
49,49084,49084-04
49,49084,49084-05
12,12085,12085-03
56,56101,56101-03
56,56101,56101-04
56,56101,56101-05
29,29046,29046-05
29,29046,29046-06
29,29046,29046-08
53,53021,53021-03
53,53021,53021-04
91,91020,91020-05
91,91020,91020-06
91,91020,91020-07
91,91020,91020-08
91,91020,91020-09
95,95182,95182-03
95,95182,95182-04
95,95182,95182-05
69,69098,69098-03
67,67088,67088-03
67,67088,67088-04
67,67088,67088-05
14,14027,14027-06
14,14027,14027-07
14,14027,14027-08
11,11012,11012-03
11,11012,11012-04
50,50060,50060-05
37,37061,37061-04
26,26027,26027-04
26,26027,26027-05
23,23089,23089-02
95,95085,95085-05
95,95085,95085-06
70,70069,70069-07
78,78021,78021-02
24,24064,24064-04
11,11062,11062-05
11,11062,11062-06
51,51053,51053-03
51,51053,51053-04
51,51053,51053-05
11,11061,11061-03
11,11061,11061-04
02,02080,02080-4
28,28102,28102-03
28,28102,28102-04
28,28102,28102-05
28,28102,28102-06
03,03045,03045-03
03,03045,03045-04
94,94014,94014-04
94,94014,94014-05
94,94014,94014-06
83,83141,83141-03
83,83141,83141-04
83,83141,83141-05
85,85016,85016-03
65,65063,65063-03
65,65063,65063-04
65,65063,65063-05
20,20020,20020-05
28,28101,28101-03
22,22021,22021-04
22,22021,22021-05
22,22021,22021-06
49,49083,49083-02
03,03020,03020-03
58,58023,58023-03
58,58023,58023-04
58,58023,58023-05
50,50030,50030-05
43,43095,43095-04
85,85015,85015-02
78,78020,78020-04
78,78020,78020-05
78,78020,78020-06
56,56099,56099-03
61,61051,61051-04
61,61051,61051-05
49,49082,49082-02
65,65062,65062-02
65,65062,65062-03
21,21018,21018-02
22,22022,22022-03
16,16029,16029-03
16,16029,16029-04
16,16029,16029-05
16,16029,16029-06
16,16029,16029-07
16,16029,16029-08
49,49081,49081-02
11,11060,11060-05
11,11060,11060-06
11,11060,11060-07
25,25012,25012-04
25,25012,25012-05
60,60063,60063-04
60,60063,60063-05
60,60063,60063-06
60,60063,60063-07
74,74032,74032-03
38,38057,38057-03
38,38057,38057-04
38,38057,38057-05
03,03060,03060-02
03,03060,03060-03
03,03060,03060-04
50,50058,50058-04
50,50058,50058-05
42,42015,42015-04
42,42015,42015-05
42,42015,42015-06
77,77140,77140-07
43,43094,43094-04
43,43094,43094-05
43,43094,43094-06
33,33052,33052-03
33,33052,33052-04
45,45019,45019-03
45,45019,45019-04
31,31100,31100-04
31,31100,31100-05
39,39018,39018-02
39,39018,39018-03
38,38056,38056-03
38,38056,38056-04
38,38056,38056-05
41,41065,41065-03
48,48052,48052-03
48,48052,48052-04
48,48052,48052-05
63,63017,63017-02
13,13035,13035-05
13,13035,13035-06
33,33051,33051-03
33,33051,33051-04
21,21017,21017-04
21,21017,21017-05
21,21017,21017-06
21,21017,21017-07
21,21017,21017-08
18,18050,18050-04
18,18050,18050-05
77,77108,77108-02
77,77108,77108-03
09,09003,09003-03
09,09003,09003-04
09,09003,09003-07
36,36020,36020-05
36,36020,36020-06
36,36020,36020-07
36,36020,36020-08
80,80019,80019-05
80,80019,80019-06
80,80019,80019-07
27,27052,27052-04
87,87001,87001-02
87,87001,87001-03
26,26025,26025-02
50,50094,50094-03
50,50094,50094-04
50,50094,50094-05
65,65021,65021-03
65,65021,65021-04
11,11013,11013-03
11,11013,11013-09
33,33050,33050-03
41,41024,41024-04
29,29079,29079-03
67,67052,67052-03
67,67052,67052-04
34,34099,34099-04
34,34099,34099-05
58,58022,58022-02
58,58022,58022-04
58,58022,58022-05
58,58022,58022-06
95,95180,95180-03
95,95180,95180-04
95,95180,95180-05
95,95180,95180-06
95,95180,95180-07
34,34029,34029-03
40,40064,40064-05
40,40064,40064-06
14,14023,14023-03
77,77107,77107-07
26,26024,26024-04
26,26024,26024-05
50,50057,50057-05
50,50057,50057-06
50,50057,50057-07
09,09004,09004-02
09,09004,09004-03
23,23088,23088-02
23,23088,23088-03
23,23088,23088-04
29,29080,29080-04
29,29080,29080-05
29,29080,29080-06
29,29080,29080-07
75,75033,75033-03
73,73076,73076-04
73,73076,73076-07
34,34010,34010-05
50,50093,50093-04
50,50093,50093-05
50,50093,50093-06
50,50093,50093-07
14,14022,14022-03
14,14022,14022-04
54,54020,54020-03
54,54020,54020-04
67,67085,67085-05
67,67085,67085-06
67,67085,67085-07
93,93015,93015-03
75,75032,75032-06
75,75032,75032-07
75,75032,75032-08
65,65020,65020-04
38,38018,38018-07
38,38018,38018-08
38,38018,38018-09
07,07005,07005-04
07,07005,07005-05
83,83098,83098-03
70,70066,70066-04
69,69027,69027-03
64,64019,64019-03
64,64019,64019-04
65,65019,65019-02
65,65019,65019-03
65,65019,65019-04
05,05018,05018-03
73,73074,73074-04
72,72030,72030-03
72,72030,72030-04
72,72030,72030-05
54,54052,54052-06
54,54052,54052-07
74,74015,74015-06
74,74015,74015-07
74,74015,74015-08
74,74015,74015-09
74,74015,74015-11
92,92053,92053-03
92,92053,92053-04
92,92053,92053-05
13,13066,13066-05
13,13066,13066-06
13,13066,13066-07
13,13066,13066-08
85,85050,85050-03
85,85050,85050-04
85,85050,85050-05
69,69026,69026-06
77,77137,77137-03
77,77137,77137-04
77,77137,77137-05
77,77137,77137-06
94,94012,94012-03
44,44020,44020-03
44,44020,44020-04
44,44020,44020-05
69,69021,69021-05
69,69021,69021-06
69,69021,69021-07
69,69021,69021-08
65,65061,65061-04
65,65061,65061-05
65,65061,65061-06
65,65061,65061-07
65,65061,65061-08
65,65061,65061-09
65,65061,65061-10
03,03058,03058-03
03,03058,03058-04
03,03058,03058-05
03,03058,03058-06
77,77168,77168-03
74,74010,74010-02
74,74010,74010-03
74,74010,74010-04
74,74010,74010-05
49,49053,49053-03
87,87024,87024-03
87,87024,87024-05
21,21016,21016-04
21,21016,21016-05
21,21016,21016-07
81,81017,81017-04
81,81017,81017-05
81,81017,81017-06
85,85014,85014-06
46,46020,46020-03
46,46020,46020-04
62,62049,62049-03
62,62049,62049-04
62,62049,62049-05
62,62049,62049-06
23,23120,23120-03
23,23120,23120-04
70,70015,70015-04
70,70015,70015-05
65,65059,65059-03
65,65059,65059-04
65,65059,65059-05
02,02037,02037-04
02,02037,02037-05
02,02037,02037-06
02,02037,02037-08
50,50091,50091-04
50,50091,50091-05
60,60061,60061-03
60,60061,60061-04
21,21015,21015-03
21,21015,21015-04
21,21015,21015-05
60,60018,60018-06
60,60018,60018-07
60,60018,60018-08
03,03018,03018-04
40,40063,40063-03
40,40063,40063-04
30,30082,30082-06
20,20019,20019-04
20,20019,20019-05
20,20019,20019-06
20,20019,20019-07
20,20019,20019-08
13,13036,13036-03
88,88049,88049-06
17,17024,17024-03
17,17024,17024-04
17,17024,17024-05
17,17024,17024-06
94,94010,94010-04
94,94010,94010-05
94,94010,94010-06
92,92052,92052-03
92,92052,92052-04
45,45016,45016-03
45,45016,45016-04
45,45016,45016-05
45,45016,45016-06
84,84015,84015-03
84,84015,84015-04
84,84015,84015-05
39,39016,39016-04
39,39016,39016-05
20,20018,20018-04
20,20018,20018-05
02,02003,02003-05
02,02003,02003-06
69,69010,69010-05
69,69010,69010-06
69,69010,69010-07
85,85013,85013-04
85,85013,85013-05
85,85013,85013-06
49,49107,49107-04
82,82013,82013-06
82,82013,82013-07
82,82013,82013-08
58,58018,58018-02
22,22023,22023-07
22,22023,22023-08
90,90196,90196-04
90,90196,90196-05
83,83057,83057-07
83,83057,83057-08
83,83057,83057-09
50,50053,50053-03
50,50053,50053-04
50,50053,50053-05
79,79027,79027-04
53,53047,53047-04
53,53047,53047-05
53,53047,53047-06
53,53047,53047-07
64,64017,64017-05
64,64017,64017-06
64,64017,64017-07
64,64017,64017-08
64,64017,64017-09
30,30081,30081-02
30,30081,30081-03
31,31016,31016-04
31,31016,31016-05
08,08068,08068-02
08,08068,08068-03
41,41022,41022-02
41,41022,41022-03
24,24060,24060-03
83,83096,83096-05
83,83096,83096-06
57,57013,57013-07
57,57013,57013-08
57,57013,57013-09
21,21014,21014-05
21,21014,21014-07
21,21014,21014-08
21,21014,21014-09
93,93014,93014-05
93,93014,93014-06
93,93014,93014-07
93,93014,93014-08
33,33085,33085-03
33,33085,33085-04
36,36019,36019-02
36,36019,36019-03
36,36019,36019-04
45,45015,45015-08
45,45015,45015-09
45,45015,45015-10
56,56097,56097-02
74,74002,74002-06
74,74002,74002-07
74,74002,74002-08
38,38017,38017-04
68,68014,68014-03
09,09005,09005-03
09,09005,09005-04
30,30113,30113-03
30,30113,30113-07
30,30113,30113-08
30,30113,30113-09
29,29043,29043-03
74,74057,74057-03
74,74057,74057-04
74,74057,74057-06
37,37058,37058-04
37,37058,37058-05
37,37058,37058-06
37,37058,37058-07
39,39015,39015-08
39,39015,39015-09
39,39015,39015-10
96,96016,96016-05
62,62047,62047-07
62,62047,62047-08
62,62047,62047-09
62,62047,62047-10
62,62047,62047-11
14,14020,14020-05
14,14020,14020-06
14,14020,14020-07
45,45014,45014-03
45,45014,45014-04
45,45014,45014-05
54,54051,54051-03
29,29073,29073-02
82,82014,82014-08
82,82014,82014-09
82,82014,82014-10
26,26020,26020-07
26,26020,26020-08
53,53046,53046-05
53,53046,53046-06
53,53046,53046-07
53,53046,53046-08
11,11014,11014-04
54,54018,54018-03
54,54018,54018-04
54,54018,54018-05
18,18048,18048-04
18,18048,18048-05
87,87010,87010-04
87,87010,87010-05
87,87010,87010-06
85,85048,85048-06
85,85048,85048-07
40,40027,40027-06
67,67049,67049-03
41,41021,41021-03
70,70064,70064-03
29,29017,29017-03
29,29017,29017-04
29,29017,29017-05
12,12087,12087-05
12,12087,12087-06
12,12087,12087-07
12,12087,12087-08
22,22024,22024-04
22,22024,22024-05
29,29072,29072-03
39,39014,39014-03
39,39014,39014-04
43,43093,43093-05
43,43093,43093-06
46,46019,46019-03
46,46019,46019-04
46,46019,46019-05
46,46019,46019-06
80,80016,80016-05
80,80016,80016-06
70,70014,70014-06
70,70014,70014-07
70,70014,70014-08
70,70014,70014-09
15,15016,15016-05
53,53013,53013-07
31,31014,31014-06
31,31014,31014-08
15,15064,15064-03
15,15064,15064-05
15,15064,15064-06
15,15064,15064-07
73,73072,73072-03
73,73072,73072-04
73,73072,73072-05
95,95116,95116-05
95,95116,95116-07
95,95116,95116-09
54,54017,54017-03
54,54017,54017-04
12,12100,12100-02
50,50089,50089-04
50,50089,50089-05
50,50089,50089-06
56,56133,56133-02
28,28098,28098-05
28,28098,28098-06
44,44017,44017-02
91,91015,91015-06
91,91015,91015-07
91,91015,91015-08
05,05017,05017-03
05,05017,05017-04
05,05017,05017-05
90,90231,90231-03
90,90231,90231-04
72,72025,72025-03
72,72025,72025-04
72,72025,72025-05
72,72025,72025-06
72,72025,72025-07
68,68013,68013-03
68,68013,68013-04
68,68013,68013-06
61,61048,61048-03
61,61047,61047-03
61,61047,61047-04
72,72022,72022-03
72,72022,72022-04
88,88047,88047-05
88,88047,88047-06
88,88493,88493-04
88,88493,88493-05
88,88493,88493-06
72,72021,72021-03
51,51048,51048-03
13,13038,13038-03
91,91014,91014-04
94,94009,94009-03
94,94009,94009-06
54,54049,54049-06
54,54049,54049-07
54,54049,54049-08
54,54049,54049-09
02,02036,02036-02
02,02036,02036-03
91,91013,91013-03
91,91013,91013-07
40,40025,40025-04
40,40025,40025-05
40,40025,40025-06
40,40025,40025-07
42,42057,42057-03
42,42057,42057-04
17,17026,17026-03
17,17026,17026-06
17,17026,17026-07
91,91012,91012-05
91,91012,91012-06
91,91012,91012-07
02,02060,02060-03
42,42012,42012-03
42,42012,42012-04
36,36018,36018-04
36,36018,36018-05
36,36018,36018-06
36,36018,36018-07
17,17027,17027-03
53,53044,53044-02
53,53044,53044-03
02,02059,02059-03
61,61010,61010-05
61,61010,61010-09
61,61010,61010-10
93,93043,93043-05
77,77134,77134-05
96,96014,96014-04
96,96014,96014-05
41,41020,41020-05
41,41020,41020-06
84,84013,84013-03
84,84013,84013-05
84,84013,84013-06
36,36017,36017-03
36,36017,36017-04
42,42056,42056-04
42,42056,42056-05
20,20016,20016-03
20,20016,20016-04
20,20016,20016-05
20,20016,20016-06
90,90160,90160-05
90,90160,90160-06
90,90160,90160-07
24,24058,24058-05
24,24058,24058-06
18,18047,18047-05
18,18047,18047-06
18,18047,18047-07
18,18047,18047-08
18,18047,18047-09
85,85012,85012-07
28,28096,28096-03
28,28096,28096-04
28,28096,28096-05
74,74034,74034-06
74,74034,74034-07
74,74034,74034-08
74,74034,74034-09
45,45012,45012-03
45,45012,45012-04
45,45012,45012-05
45,45012,45012-06
33,33083,33083-03
59,59039,59039-04
43,43008,43008-03
08,08067,08067-04
13,13069,13069-05
38,38049,38049-03
77,77163,77163-05
77,77163,77163-06
41,41019,41019-03
41,41019,41019-04
41,41019,41019-05
41,41019,41019-06
41,41019,41019-07
43,43092,43092-07
43,43092,43092-08
43,43092,43092-09
43,43092,43092-10
43,43092,43092-11
43,43092,43092-12
03,03015,03015-04
03,03015,03015-05
34,34120,34120-02
34,34120,34120-03
34,34120,34120-04
48,48016,48016-04
17,17028,17028-06
17,17028,17028-07
17,17028,17028-08
88,88044,88044-03
88,88044,88044-04
88,88044,88044-05
88,88044,88044-06
13,13039,13039-05
13,13039,13039-06
84,84011,84011-03
84,84011,84011-04
84,84011,84011-05
42,42011,42011-03
42,42011,42011-04
42,42011,42011-05
42,42011,42011-06
42,42011,42011-07
08,08066,08066-02
08,08066,08066-03
44,44016,44016-09
44,44016,44016-10
10,10017,10017-04
10,10017,10017-05
88,88482,88482-03
24,24057,24057-03
24,24057,24057-04
20,20014,20014-03
20,20014,20014-04
20,20014,20014-05
20,20014,20014-06
36,36015,36015-03
36,36015,36015-04
36,36015,36015-05
36,36015,36015-06
36,36015,36015-07
36,36015,36015-08
28,28095,28095-06
28,28095,28095-07
28,28095,28095-08
09,09032,09032-06
09,09032,09032-07
09,09006,09006-05
09,09006,09006-06
09,09006,09006-07
39,39012,39012-07
39,39012,39012-08
39,39012,39012-09
60,60015,60015-05
60,60015,60015-06
60,60015,60015-07
60,60015,60015-08
60,60015,60015-09
23,23019,23019-05
82,82015,82015-02
82,82015,82015-03
40,40012,40012-03
40,40012,40012-05
40,40012,40012-07
92,92013,92013-05
92,92013,92013-06
92,92013,92013-07
96,96013,96013-05
96,96013,96013-06
96,96013,96013-07
90,90159,90159-03
90,90159,90159-04
83,83051,83051-04
83,83051,83051-05
83,83051,83051-06
37,37056,37056-02
16,16035,16035-03
19,19015,19015-03
19,19015,19015-05
10,10082,10082-04
88,88043,88043-04
88,88043,88043-05
38,38047,38047-03
15,15015,15015-03
15,15015,15015-04
15,15015,15015-05
15,15015,15015-06
15,15015,15015-07
85,85010,85010-04
85,85010,85010-05
48,48049,48049-05
51,51046,51046-04
63,63011,63011-03
63,63011,63011-04
59,59040,59040-03
59,59040,59040-04
59,59040,59040-05
59,59040,59040-06
49,49074,49074-04
49,49074,49074-05
49,49074,49074-06
49,49074,49074-07
28,28094,28094-03
28,28094,28094-04
28,28094,28094-05
24,24056,24056-04
24,24056,24056-05
18,18046,18046-05
18,18046,18046-06
18,18046,18046-10
92,92012,92012-06
38,38011,38011-02
38,38011,38011-04
38,38011,38011-05
08,08063,08063-03
08,08063,08063-04
08,08015,08015-05
08,08015,08015-06
08,08015,08015-07
55,55007,55007-03
10,10081,10081-04
43,43091,43091-04
09,09007,09007-05
27,27015,27015-05
36,36014,36014-04
36,36014,36014-05
36,36014,36014-06
36,36014,36014-07
22,22027,22027-03
22,22027,22027-04
23,23084,23084-06
23,23084,23084-07
23,23084,23084-08
23,23084,23084-09
18,18012,18012-06
08,08014,08014-03
08,08014,08014-04
65,65056,65056-03
65,65056,65056-04
51,51095,51095-06
56,56131,56131-05
19,19014,19014-06
19,19014,19014-07
19,19014,19014-08
19,19014,19014-11
19,19014,19014-12
93,93012,93012-04
93,93012,93012-05
93,93012,93012-06
93,93012,93012-07
09,09008,09008-03
37,37055,37055-02
79,79001,79001-05
48,48048,48048-04
48,48048,48048-05
48,48048,48048-06
72,72017,72017-03
72,72017,72017-04
90,90158,90158-03
90,90158,90158-05
90,90158,90158-07
90,90158,90158-09
26,26016,26016-03
09,09009,09009-02
09,09009,09009-03
69,69060,69060-04
44,44013,44013-03
44,44013,44013-04
22,22028,22028-03
83,83092,83092-02
08,08013,08013-05
77,77101,77101-03
77,77101,77101-04
77,77101,77101-05
77,77101,77101-07
54,54013,54013-03
05,05056,05056-03
05,05056,05056-04
93,93042,93042-04
93,93042,93042-05
51,51091,51091-04
67,67048,67048-06
78,78012,78012-05
78,78012,78012-06
78,78012,78012-07
78,78012,78012-08
78,78012,78012-09
78,78012,78012-10
09,09031,09031-07
09,09031,09031-08
09,09031,09031-09
65,65015,65015-04
65,65015,65015-08
41,41016,41016-05
41,41016,41016-06
05,05014,05014-04
05,05014,05014-05
83,83091,83091-03
96,96012,96012-03
96,96012,96012-04
23,23083,23083-03
55,55087,55087-03
55,55087,55087-04
45,45105,45105-03
38,38009,38009-02
43,43090,43090-03
49,49072,49072-06
49,49072,49072-07
67,67079,67079-03
67,67079,67079-04
67,67079,67079-05
74,74053,74053-12
74,74053,74053-13
74,74053,74053-14
69,69001,69001-03
72,72016,72016-04
72,72016,72016-05
82,82017,82017-03
82,82017,82017-04
82,82017,82017-05
46,46016,46016-04
46,46016,46016-05
46,46016,46016-06
58,58016,58016-05
58,58016,58016-06
58,58016,58016-07
58,58016,58016-08
58,58016,58016-09
24,24015,24015-09
24,24015,24015-10
24,24015,24015-11
24,24015,24015-12
54,54012,54012-04
54,54012,54012-05
54,54012,54012-06
05,05013,05013-06
05,05013,05013-07
93,93041,93041-04
67,67047,67047-04
26,26014,26014-03
26,26014,26014-04
26,26014,26014-05
26,26014,26014-06
26,26014,26014-09
80,80150,80150-04
80,80150,80150-05
80,80150,80150-06
73,73070,73070-05
73,73070,73070-06
73,73070,73070-07
57,57012,57012-03
27,27012,27012-03
27,27012,27012-04
12,12089,12089-05
12,12089,12089-06
12,12089,12089-07
12,12089,12089-08
53,53011,53011-03
46,46015,46015-05
46,46015,46015-06
46,46015,46015-07
53,53043,53043-08
53,53043,53043-13
57,57039,57039-03
80,80012,80012-04
80,80012,80012-05
80,80012,80012-06
80,80012,80012-07
67,67046,67046-03
67,67046,67046-04
58,58014,58014-04
58,58014,58014-05
58,58014,58014-06
46,46014,46014-05
46,46014,46014-06
46,46014,46014-07
46,46014,46014-08
46,46014,46014-09
72,72015,72015-03
72,72015,72015-04
72,72015,72015-05
72,72015,72015-06
57,57038,57038-05
57,57038,57038-06
57,57038,57038-07
57,57038,57038-10
58,58013,58013-02
58,58013,58013-03
58,58013,58013-04
41,41075,41075-03
41,41075,41075-04
41,41075,41075-05
03,03052,03052-02
40,40023,40023-04
40,40023,40023-06
40,40023,40023-07
40,40023,40023-08
11,11021,11021-06
11,11021,11021-07
11,11021,11021-08
11,11021,11021-09
65,65055,65055-03
65,65055,65055-04
65,65055,65055-05
65,65055,65055-06
65,65055,65055-07
91,91011,91011-08
91,91011,91011-10
40,40056,40056-04
13,13071,13071-06
13,13071,13071-07
13,13071,13071-08
13,13071,13071-09
11,11023,11023-03
11,11022,11022-04
91,91010,91010-03
91,91010,91010-04
91,91010,91010-05
91,91010,91010-06
91,91010,91010-07
51,51044,51044-03
43,43039,43039-06
43,43039,43039-07
43,43039,43039-08
43,43039,43039-09
73,73091,73091-03
41,41015,41015-04
41,41015,41015-05
40,40022,40022-03
40,40022,40022-04
43,43005,43005-04
43,43005,43005-05
74,74011,74011-06
45,45009,45009-04
45,45009,45009-05
45,45009,45009-06
45,45009,45009-07
93,93040,93040-03
60,60013,60013-03
14,14013,14013-03
14,14013,14013-04
08,08012,08012-03
08,08012,08012-04
08,08012,08012-06
31,31050,31050-04
31,31050,31050-05
41,41078,41078-02
18,18044,18044-06
18,18044,18044-07
11,11024,11024-06
36,36013,36013-03
36,36013,36013-04
84,84009,84009-03
11,11052,11052-03
11,11052,11052-04
72,72013,72013-04
72,72013,72013-05
72,72013,72013-06
74,74052,74052-03
74,74052,74052-06
74,74052,74052-07
53,53041,53041-03
53,53041,53041-04
34,34025,34025-03
34,34025,34025-04
41,41011,41011-03
24,24053,24053-04
24,24053,24053-05
40,40021,40021-02
40,40021,40021-03
40,40021,40021-06
92,92010,92010-03
92,92010,92010-04
92,92010,92010-05
58,58012,58012-02
58,58012,58012-03
58,58012,58012-04
30,30076,30076-04
08,08010,08010-03
08,08010,08010-04
33,33045,33045-05
33,33045,33045-06
33,33045,33045-07
18,18043,18043-03
93,93039,93039-05
93,93039,93039-06
93,93039,93039-07
78,78010,78010-04
05,05012,05012-03
05,05012,05012-04
05,05012,05012-05
05,05012,05012-06
13,13041,13041-05
13,13041,13041-06
13,13041,13041-07
13,13041,13041-08
57,57037,57037-03
57,57037,57037-04
57,57037,57037-05
57,57037,57037-06
13,13072,13072-05
13,13072,13072-06
13,13072,13072-07
14,14011,14011-05
14,14011,14011-06
77,77100,77100-03
27,27047,27047-05
27,27047,27047-06
08,08009,08009-06
08,08009,08009-08
08,08009,08009-09
22,22029,22029-05
22,22029,22029-06
22,22029,22029-07
22,22029,22029-08
22,22029,22029-10
49,49071,49071-04
49,49071,49071-05
49,49071,49071-06
56,56127,56127-03
56,56127,56127-04
56,56127,56127-05
56,56127,56127-07
56,56127,56127-10
95,95109,95109-02
95,95109,95109-03
95,95109,95109-04
53,53040,53040-03
53,53040,53040-04
96,96010,96010-07
96,96010,96010-08
96,96010,96010-09
49,49159,49159-04
49,49159,49159-05
19,19013,19013-03
19,19013,19013-04
90,90157,90157-03
69,69022,69022-07
85,85009,85009-03
85,85009,85009-04
08,08060,08060-04
08,08060,08060-05
08,08060,08060-06
51,51089,51089-07
51,51089,51089-08
37,37050,37050-03
37,37050,37050-04
37,37050,37050-05
93,93009,93009-06
93,93009,93009-07
24,24052,24052-05
16,16038,16038-03
16,16038,16038-04
60,60053,60053-07
60,60053,60053-08
60,60053,60053-09
13,13073,13073-03
13,13073,13073-04
17,17030,17030-03
92,92046,92046-04
92,92046,92046-05
39,39011,39011-05
33,33044,33044-04
33,33044,33044-06
55,55026,55026-05
54,54045,54045-04
54,54045,54045-05
54,54045,54045-06
65,65013,65013-04
65,65013,65013-05
42,42010,42010-04
42,42010,42010-05
82,82018,82018-07
82,82018,82018-08
57,57036,57036-05
57,57036,57036-06
30,30011,30011-05
30,30011,30011-06
30,30011,30011-07
30,30011,30011-09
30,30011,30011-10
34,34119,34119-03
34,34119,34119-04
30,30075,30075-03
19,19012,19012-02
61,61040,61040-03
34,34023,34023-03
34,34023,34023-04
74,74050,74050-03
74,74050,74050-04
74,74050,74050-05
27,27046,27046-03
58,58010,58010-03
58,58010,58010-04
93,93038,93038-07
17,17031,17031-03
22,22030,22030-03
11,11025,11025-07
18,18041,18041-03
18,18041,18041-04
18,18041,18041-05
18,18041,18041-06
59,59042,59042-03
68,68010,68010-03
68,68010,68010-04
68,68010,68010-05
68,68010,68010-09
02,02057,02057-05
84,84007,84007-03
84,84007,84007-04
84,84007,84007-05
93,93008,93008-05
93,93008,93008-06
16,16039,16039-07
48,48012,48012-03
48,48012,48012-04
88,88042,88042-03
08,08058,08058-04
08,08058,08058-05
51,51043,51043-06
19,19011,19011-07
19,19011,19011-09
19,19011,19011-10
85,85008,85008-03
85,85008,85008-04
39,39010,39010-05
39,39010,39010-06
39,39010,39010-07
03,03056,03056-03
81,81011,81011-05
81,81011,81011-07
81,81011,81011-08
73,73068,73068-02
73,73068,73068-03
73,73068,73068-04
74,74008,74008-05
74,74008,74008-06
54,54009,54009-07
54,54009,54009-08
54,54009,54009-09
42,42009,42009-05
42,42009,42009-06
42,42009,42009-07
42,42009,42009-08
63,63010,63010-05
82,82019,82019-03
82,82019,82019-04
17,17032,17032-02
17,17032,17032-03
30,30074,30074-06
30,30074,30074-07
24,24008,24008-05
24,24008,24008-06
24,24008,24008-07
24,24008,24008-08
24,24008,24008-09
74,74012,74012-03
65,65011,65011-04
87,87015,87015-05
12,12090,12090-05
12,12090,12090-06
12,12090,12090-07
12,12090,12090-08
34,34021,34021-03
34,34021,34021-04
34,34021,34021-05
79,79004,79004-04
79,79004,79004-05
79,79004,79004-06
90,90156,90156-03
70,70009,70009-03
70,70009,70009-04
70,70009,70009-05
70,70009,70009-06
70,70009,70009-07
72,72011,72011-03
72,72011,72011-05
60,60010,60010-03
60,60010,60010-04
57,57035,57035-03
58,58009,58009-03
58,58009,58009-04
58,58009,58009-05
83,83048,83048-05
48,48011,48011-05
48,48011,48011-06
48,48011,48011-07
20,20010,20010-05
96,96009,96009-04
96,96009,96009-05
96,96009,96009-06
67,67077,67077-02
67,67077,67077-03
26,26013,26013-04
26,26013,26013-05
19,19010,19010-06
05,05052,05052-03
84,84006,84006-02
84,84006,84006-03
84,84006,84006-04
84,84006,84006-05
38,38008,38008-06
38,38008,38008-08
38,38008,38008-10
59,59043,59043-03
59,59043,59043-04
59,59043,59043-05
59,59043,59043-06
79,79023,79023-02
79,79023,79023-03
16,16040,16040-04
16,16040,16040-06
30,30010,30010-07
30,30010,30010-08
27,27045,27045-06
92,92044,92044-07
92,92044,92044-08
92,92044,92044-09
92,92044,92044-10
90,90189,90189-04
90,90189,90189-05
42,42055,42055-03
95,95076,95076-03
95,95076,95076-04
08,08038,08038-03
73,73067,73067-03
73,73067,73067-04
51,51042,51042-03
51,51042,51042-04
29,29065,29065-05
29,29065,29065-06
63,63009,63009-02
63,63009,63009-03
55,55028,55028-03
55,55028,55028-04
55,55028,55028-05
37,37049,37049-07
37,37049,37049-08
37,37049,37049-09
37,37049,37049-10
46,46012,46012-03
11,11028,11028-03
29,29009,29009-03
29,29009,29009-04
12,12012,12012-03
51,51088,51088-06
51,51088,51088-07
70,70008,70008-04
70,70008,70008-05
70,70008,70008-06
70,70008,70008-07
70,70008,70008-09
30,30040,30040-02
78,78007,78007-07
78,78007,78007-08
05,05009,05009-03
05,05009,05009-04
05,05009,05009-05
26,26012,26012-03
26,26012,26012-04
26,26012,26012-05
75,75004,75004-04
57,57034,57034-04
57,57034,57034-08
57,57034,57034-09
57,57034,57034-10
10,10012,10012-05
10,10012,10012-06
10,10012,10012-08
10,10012,10012-09
10,10012,10012-10
64,64010,64010-08
20,20008,20008-05
20,20008,20008-06
20,20008,20008-07
20,20008,20008-09
43,43002,43002-03
43,43002,43002-04
43,43002,43002-05
75,75131,75131-03
75,75131,75131-04
54,54008,54008-05
54,54008,54008-06
15,15057,15057-05
30,30009,30009-03
30,30009,30009-04
30,30009,30009-05
30,30009,30009-07
30,30039,30039-03
30,30039,30039-04
05,05051,05051-03
05,05051,05051-04
11,11029,11029-03
11,11029,11029-04
55,55029,55029-03
55,55029,55029-04
55,55029,55029-05
87,87019,87019-05
87,87019,87019-06
09,09013,09013-03
09,09013,09013-04
09,09013,09013-05
09,09013,09013-06
34,34005,34005-05
34,34005,34005-10
79,79021,79021-03
79,79021,79021-04
79,79021,79021-05
79,79021,79021-06
38,38007,38007-04
38,38007,38007-05
23,23077,23077-03
29,29008,29008-05
29,29008,29008-06
73,73034,73034-05
26,26011,26011-06
26,26011,26011-07
67,67076,67076-05
62,62040,62040-03
62,62040,62040-04
39,39008,39008-05
39,39008,39008-06
68,68008,68008-03
68,68008,68008-04
68,68008,68008-05
83,83009,83009-04
83,83009,83009-05
83,83009,83009-06
59,59044,59044-08
59,59044,59044-09
59,59044,59044-10
59,59044,59044-11
59,59044,59044-12
59,59044,59044-13
59,59044,59044-14
27,27009,27009-03
27,27009,27009-04
64,64009,64009-07
64,64009,64009-08
64,64009,64009-09
64,64009,64009-10
64,64009,64009-11
85,85006,85006-05
10,10011,10011-04
28,28091,28091-04
28,28091,28091-05
69,69009,69009-07
51,51087,51087-04
51,51087,51087-05
34,34087,34087-02
82,82070,82070-04
82,82070,82070-05
82,82070,82070-06
82,82070,82070-07
82,82070,82070-08
29,29063,29063-03
29,29063,29063-04
79,79020,79020-07
79,79020,79020-08
79,79020,79020-09
15,15056,15056-07
15,15056,15056-08
15,15056,15056-09
15,15056,15056-10
95,95106,95106-03
80,80145,80145-02
80,80145,80145-03
80,80145,80145-05
77,77097,77097-02
30,30049,30049-03
30,30049,30049-04
08,08042,08042-03
08,08042,08042-04
08,08042,08042-05
34,34117,34117-03
34,34117,34117-04
34,34117,34117-05
27,27043,27043-03
27,27043,27043-04
26,26010,26010-06
50,50044,50044-05
50,50044,50044-06
50,50044,50044-07
11,11030,11030-06
11,11030,11030-07
11,11030,11030-09
11,11030,11030-10
11,11030,11030-11
44,44009,44009-03
51,51086,51086-03
40,40055,40055-10
40,40055,40055-11
40,40055,40055-12
40,40055,40055-13
16,16055,16055-06
16,16055,16055-09
16,16055,16055-10
12,12015,12015-06
15,15055,15055-05
15,15055,15055-06
72,72009,72009-03
72,72009,72009-04
72,72009,72009-05
72,72009,72009-06
82,82036,82036-03
82,82036,82036-04
55,55093,55093-03
55,55093,55093-04
12,12002,12002-04
12,12002,12002-05
12,12002,12002-06
73,73063,73063-04
73,73063,73063-08
73,73063,73063-09
73,73063,73063-10
88,88479,88479-04
88,88479,88479-05
58,58004,58004-08
72,72008,72008-11
83,83125,83125-04
91,91007,91007-03
91,91007,91007-04
50,50043,50043-05
50,50043,50043-06
50,50043,50043-07
61,61005,61005-04
61,61005,61005-05
61,61005,61005-06
70,70053,70053-05
70,70053,70053-06
70,70053,70053-08
70,70053,70053-09
73,73062,73062-03
73,73062,73062-04
73,73062,73062-05
88,88445,88445-05
88,88445,88445-06
03,03010,03010-03
02,02041,02041-05
03,03009,03009-03
03,03009,03009-04
34,34085,34085-03
78,78005,78005-03
78,78005,78005-04
69,69006,69006-05
69,69006,69006-06
69,69006,69006-07
64,64007,64007-03
64,64007,64007-04
64,64007,64007-05
64,64007,64007-06
64,64007,64007-07
14,14008,14008-06
14,14008,14008-08
81,81007,81007-03
81,81007,81007-04
02,02054,02054-03
02,02054,02054-04
39,39007,39007-04
39,39007,39007-05
39,39007,39007-06
39,39007,39007-08
16,16054,16054-04
16,16054,16054-05
16,16054,16054-06
02,02042,02042-02
02,02042,02042-03
02,02042,02042-04
02,02042,02042-05
88,88444,88444-03
88,88444,88444-04
26,26008,26008-03
26,26008,26008-04
56,56007,56007-03
56,56007,56007-04
50,50041,50041-04
50,50041,50041-05
13,13016,13016-05
13,13016,13016-06
78,78004,78004-03
78,78004,78004-04
78,78004,78004-05
48,48006,48006-03
48,48006,48006-04
41,41007,41007-07
96,96006,96006-05
08,08057,08057-04
08,08007,08007-04
45,45109,45109-03
45,45109,45109-04
24,24048,24048-03
24,24048,24048-04
24,24048,24048-05
24,24007,24007-06
24,24007,24007-07
75,75056,75056-03
75,75056,75056-04
75,75056,75056-05
75,75056,75056-06
75,75056,75056-07
14,14007,14007-08
27,27042,27042-03
27,27042,27042-04
83,83046,83046-03
83,83046,83046-04
73,73060,73060-04
73,73060,73060-07
39,39006,39006-03
39,39006,39006-04
39,39006,39006-05
39,39006,39006-06
83,83007,83007-05
26,26007,26007-03
26,26007,26007-04
72,72007,72007-02
72,72007,72007-03
72,72007,72007-04
72,72007,72007-07
61,61035,61035-05
02,02052,02052-03
02,02052,02052-04
69,69019,69019-04
69,69019,69019-05
69,69019,69019-06
31,31085,31085-03
25,25019,25019-04
07,07046,07046-04
07,07046,07046-05
16,16053,16053-04
16,16053,16053-05
16,16053,16053-06
75,75055,75055-03
75,75055,75055-04
75,75055,75055-05
54,54006,54006-03
54,54006,54006-04
34,34019,34019-03
50,50040,50040-05
50,50040,50040-06
50,50040,50040-07
50,50040,50040-08
50,50040,50040-09
14,14006,14006-03
88,88443,88443-04
88,88443,88443-05
88,88477,88477-04
88,88477,88477-05
88,88477,88477-06
88,88477,88477-07
23,23075,23075-03
23,23075,23075-04
87,87018,87018-02
87,87018,87018-03
90,90152,90152-07
34,34114,34114-02
34,34114,34114-03
44,44007,44007-04
40,40049,40049-03
20,20005,20005-07
20,20005,20005-08
27,27007,27007-04
42,42053,42053-06
42,42053,42053-08
56,56083,56083-02
78,78003,78003-07
78,78003,78003-08
78,78003,78003-09
78,78003,78003-10
78,78003,78003-11
78,78003,78003-13
19,19007,19007-03
19,19007,19007-04
19,19007,19007-05
19,19007,19007-06
19,19007,19007-07
07,07044,07044-03
57,57032,57032-05
60,60049,60049-03
60,60049,60049-04
60,60049,60049-07
60,60049,60049-08
34,34018,34018-03
31,31007,31007-03
31,31007,31007-04
31,31007,31007-05
31,31007,31007-07
44,44006,44006-06
09,09026,09026-03
09,09026,09026-04
05,05007,05007-05
05,05007,05007-06
02,02044,02044-03
02,02044,02044-04
55,55001,55001-03
55,55001,55001-04
68,68007,68007-08
68,68007,68007-09
68,68007,68007-10
09,09015,09015-03
09,09015,09015-04
09,09015,09015-05
09,09015,09015-06
39,39005,39005-06
16,16041,16041-04
16,16041,16041-05
16,16041,16041-06
41,41006,41006-08
41,41006,41006-09
88,88071,88071-03
88,88071,88071-04
05,05049,05049-09
31,31047,31047-04
31,31047,31047-05
61,61034,61034-03
61,61034,61034-04
61,61034,61034-05
61,61034,61034-06
84,84005,84005-03
84,84005,84005-04
59,59045,59045-03
59,59045,59045-04
59,59045,59045-05
59,59045,59045-06
75,75007,75007-04
75,75007,75007-05
75,75007,75007-06
75,75007,75007-07
75,75007,75007-09
87,87002,87002-05
87,87002,87002-06
48,48041,48041-04
24,24005,24005-04
24,24005,24005-05
85,85004,85004-05
85,85004,85004-07
56,56122,56122-06
56,56122,56122-07
56,56122,56122-08
63,63007,63007-06
07,07045,07045-05
19,19006,19006-02
27,27006,27006-05
90,90151,90151-04
92,92042,92042-08
26,26006,26006-06
26,26006,26006-07
26,26006,26006-08
26,26006,26006-09
29,29007,29007-03
29,29007,29007-04
29,29007,29007-05
28,28088,28088-04
28,28088,28088-05
42,42005,42005-03
45,45111,45111-03
45,45111,45111-04
51,51085,51085-05
51,51085,51085-06
60,60048,60048-08
60,60048,60048-09
59,59046,59046-03
30,30006,30006-05
30,30006,30006-06
30,30006,30006-07
09,09016,09016-04
09,09016,09016-05
09,09016,09016-06
48,48004,48004-05
48,48004,48004-06
48,48004,48004-07
48,48004,48004-08
23,23106,23106-03
23,23106,23106-04
23,23106,23106-05
23,23106,23106-06
38,38005,38005-05
38,38005,38005-06
18,18039,18039-03
18,18039,18039-04
18,18039,18039-06
55,55002,55002-07
55,55002,55002-08
55,55002,55002-09
10,10075,10075-07
10,10075,10075-11
10,10075,10075-12
44,44005,44005-07
44,44005,44005-08
44,44005,44005-09
70,70047,70047-04
70,70047,70047-06
70,70047,70047-07
64,64005,64005-03
64,64005,64005-04
14,14004,14004-07
57,57031,57031-05
57,57031,57031-06
57,57031,57031-07
57,57031,57031-09
05,05006,05006-03
05,05006,05006-04
05,05006,05006-07
43,43072,43072-03
43,43072,43072-04
43,43072,43072-05
84,84004,84004-03
84,84004,84004-04
84,84004,84004-05
91,91003,91003-04
91,91003,91003-05
91,91003,91003-07
57,57005,57005-06
57,57005,57005-07
63,63006,63006-03
63,63006,63006-04
61,61033,61033-04
61,61033,61033-05
39,39004,39004-05
39,39004,39004-06
39,39004,39004-07
40,40001,40001-03
40,40001,40001-04
40,40001,40001-05
40,40001,40001-06
80,80074,80074-03
80,80074,80074-04
53,53037,53037-02
75,75005,75005-04
75,75005,75005-06
03,03093,03093-03
03,03093,03093-04
03,03093,03093-09
03,03093,03093-10
31,31046,31046-03
31,31046,31046-05
37,37044,37044-03
85,85038,85038-03
77,77096,77096-03
96,96004,96004-03
05,05048,05048-04
64,64004,64004-03
64,64004,64004-04
02,02015,02015-03
31,31006,31006-04
79,79006,79006-07
68,68006,68006-05
68,68006,68006-06
68,68006,68006-07
62,62038,62038-03
62,62038,62038-04
62,62038,62038-05
62,62038,62038-06
23,23105,23105-03
23,23105,23105-04
42,42051,42051-03
83,83120,83120-04
26,26005,26005-04
07,07001,07001-03
19,19004,19004-04
19,19004,19004-06
19,19004,19004-07
19,19004,19004-08
19,19004,19004-09
27,27005,27005-06
27,27005,27005-07
11,11043,11043-02
87,87016,87016-03
87,87016,87016-04
87,87016,87016-05
31,31083,31083-03
63,63005,63005-06
70,70046,70046-06
22,22038,22038-02
33,33040,33040-03
33,33040,33040-04
21,21023,21023-04
21,21023,21023-06
44,44004,44004-06
10,10072,10072-08
10,10072,10072-09
10,10072,10072-10
10,10072,10072-11
90,90149,90149-04
16,16043,16043-03
05,05005,05005-06
05,05005,05005-08
73,73058,73058-03
73,73058,73058-04
73,73058,73058-05
73,73058,73058-07
73,73058,73058-08
29,29114,29114-04
85,85037,85037-04
31,31005,31005-05
31,31005,31005-06
31,31005,31005-07
31,31005,31005-08
43,43073,43073-07
43,43073,43073-08
43,43073,43073-09
43,43073,43073-10
57,57004,57004-07
40,40016,40016-04
79,79007,79007-03
79,79007,79007-04
82,82027,82027-03
82,82027,82027-04
82,82027,82027-05
15,15052,15052-07
15,15052,15052-08
15,15052,15052-09
15,15052,15052-10
38,38003,38003-04
38,38003,38003-05
64,64003,64003-05
64,64003,64003-06
64,64003,64003-07
64,64003,64003-08
64,64003,64003-09
64,64003,64003-11
93,93033,93033-07
93,93033,93033-08
93,93033,93033-09
93,93033,93033-10
87,87011,87011-03
02,02008,02008-05
02,02008,02008-06
80,80073,80073-08
80,80073,80073-09
80,80073,80073-10
13,13019,13019-06
13,13019,13019-07
10,10071,10071-03
10,10071,10071-04
80,80004,80004-06
80,80004,80004-07
80,80004,80004-08
63,63004,63004-03
12,12106,12106-03
12,12106,12106-04
12,12106,12106-05
77,77094,77094-04
37,37042,37042-04
37,37042,37042-05
29,29058,29058-05
29,29058,29058-06
29,29058,29058-07
41,41004,41004-02
41,41004,41004-03
41,41004,41004-05
20,20003,20003-09
34,34081,34081-06
34,34081,34081-07
34,34081,34081-08
83,83119,83119-06
14,14003,14003-02
14,14003,14003-03
14,14003,14003-07
75,75015,75015-02
87,87012,87012-04
31,31004,31004-03
31,31004,31004-04
56,56081,56081-06
05,05046,05046-04
05,05046,05046-05
12,12092,12092-03
51,51082,51082-06
51,51082,51082-07
51,51082,51082-08
75,75126,75126-05
75,75126,75126-06
75,75126,75126-07
15,15051,15051-03
15,15051,15051-04
69,69005,69005-06
69,69005,69005-07
56,56004,56004-08
92,92039,92039-04
92,92039,92039-05
62,62036,62036-03
62,62036,62036-04
62,62036,62036-05
62,62036,62036-06
62,62036,62036-07
62,62036,62036-08
55,55098,55098-03
55,55098,55098-04
55,55098,55098-05
73,73057,73057-02
81,81003,81003-04
81,81003,81003-05
48,48036,48036-04
48,48036,48036-05
48,48036,48036-06
13,13020,13020-03
13,13020,13020-04
42,42049,42049-09
42,42049,42049-10
42,42049,42049-11
42,42049,42049-13
42,42049,42049-14
46,46006,46006-03
46,46006,46006-05
46,46006,46006-06
46,46006,46006-07
81,81028,81028-04
81,81028,81028-05
81,81028,81028-06
81,81028,81028-07
15,15050,15050-02
15,15050,15050-03
07,07006,07006-03
07,07006,07006-04
63,63003,63003-09
63,63003,63003-10
63,63003,63003-11
70,70044,70044-04
70,70044,70044-05
31,31003,31003-07
31,31003,31003-08
31,31003,31003-09
31,31003,31003-10
23,23070,23070-03
12,12094,12094-03
27,27003,27003-06
27,27003,27003-07
46,46005,46005-04
46,46005,46005-05
46,46005,46005-06
46,46005,46005-07
46,46005,46005-08
15,15049,15049-04
07,07004,07004-05
07,07004,07004-06
07,07004,07004-07
75,75054,75054-03
75,75054,75054-04
75,75054,75054-05
75,75054,75054-06
28,28086,28086-04
83,83118,83118-02
83,83118,83118-04
83,83118,83118-06
78,78002,78002-04
78,78002,78002-05
90,90146,90146-04
90,90146,90146-05
11,11042,11042-05
33,33037,33037-04
78,78001,78001-04
78,78001,78001-05
84,84002,84002-03
84,84002,84002-04
84,84002,84002-05
92,92038,92038-05
92,92038,92038-06
37,37039,37039-03
37,37039,37039-04
37,37039,37039-05
37,37039,37039-06
37,37039,37039-07
18,18037,18037-02
18,18037,18037-03
18,18037,18037-04
05,05044,05044-04
48,48003,48003-03
51,51075,51075-04
31,31081,31081-03
38,38002,38002-03
38,38002,38002-04
55,55099,55099-08
55,55099,55099-09
55,55099,55099-10
55,55099,55099-11
55,55099,55099-12
55,55099,55099-13
51,51074,51074-04
51,51074,51074-05
51,51074,51074-06
92,92037,92037-04
92,92037,92037-05
57,57002,57002-05
03,03092,03092-03
03,03092,03092-04
73,73056,73056-03
42,42003,42003-06
42,42003,42003-07
42,42003,42003-08
10,10001,10001-03
48,48002,48002-03
48,48002,48002-04
48,48002,48002-05
03,03001,03001-04
03,03001,03001-05
03,03001,03001-06
02,02006,02006-03
02,02006,02006-04
80,80036,80036-05
80,80036,80036-06
80,80036,80036-07
11,11040,11040-07
21,21022,21022-03
21,21022,21022-04
17,17040,17040-06
56,56118,56118-04
56,56118,56118-06
80,80002,80002-04
80,80002,80002-05
80,80002,80002-06
80,80002,80002-07
77,77092,77092-03
77,77092,77092-04
18,18036,18036-03
18,18036,18036-04
18,18036,18036-05
18,18036,18036-06
60,60002,60002-02
60,60002,60002-03
64,64002,64002-08
62,62035,62035-05
62,62035,62035-07
62,62035,62035-08
62,62035,62035-10
62,62035,62035-11
62,62035,62035-12
10,10002,10002-05
10,10002,10002-06
10,10002,10002-07
10,10002,10002-08
28,28084,28084-03
14,14002,14002-03
14,14002,14002-04
68,68002,68002-04
68,68002,68002-05
68,68002,68002-06
75,75089,75089-03
75,75089,75089-04
75,75089,75089-05
75,75089,75089-06
20,20001,20001-04
20,20001,20001-05
20,20001,20001-06
20,20001,20001-07
88,88032,88032-04
88,88032,88032-05
31,31080,31080-06
31,31080,31080-07
59,59016,59016-04
59,59016,59016-05
40,40048,40048-04
42,42047,42047-02
42,42047,42047-03
15,15048,15048-02
15,15048,15048-03
27,27038,27038-03
27,27038,27038-04
10,10070,10070-04
62,62034,62034-03
62,62034,62034-04
62,62034,62034-05
27,27002,27002-07
27,27002,27002-08
27,27002,27002-09
27,27002,27002-10
48,48001,48001-03
48,48001,48001-04
48,48001,48001-05
90,90218,90218-04
90,90218,90218-05
90,90218,90218-06
09,09022,09022-03
09,09022,09022-04
09,09022,09022-05
63,63002,63002-04
51,51080,51080-02
51,51080,51080-03
51,51080,51080-04
51,51080,51080-05
10,10069,10069-02
02,02048,02048-03
59,59049,59049-04
59,59049,59049-05
59,59049,59049-07
56,56080,56080-06
88,88031,88031-04
85,85036,85036-04
85,85036,85036-05
85,85036,85036-07
21,21024,21024-08
21,21024,21024-09
21,21024,21024-10
21,21024,21024-11
21,21024,21024-12
21,21024,21024-13
51,51079,51079-05
51,51079,51079-06
31,31002,31002-05
22,22040,22040-04
39,39002,39002-04
39,39002,39002-05
39,39002,39002-06
39,39002,39002-07
39,39002,39002-08
07,07043,07043-03
07,07043,07043-05
14,14001,14001-08
79,79016,79016-04
79,79016,79016-05
80,80137,80137-06
80,80137,80137-07
29,29028,29028-05
03,03091,03091-02
56,56079,56079-03
93,93031,93031-03
93,93031,93031-04
93,93031,93031-05
44,44002,44002-04
13,13021,13021-03
79,79003,79003-05
79,79003,79003-06
34,34078,34078-05
34,34078,34078-06
46,46002,46002-03
46,46002,46002-04
27,27001,27001-07
31,31001,31001-03
27,27037,27037-06
29,29055,29055-08
29,29055,29055-09
29,29055,29055-10
29,29055,29055-11
29,29055,29055-12
95,95100,95100-05
23,23068,23068-03
23,23068,23068-04
69,69080,69080-03
69,69080,69080-04
69,69080,69080-05
53,53034,53034-03
53,53034,53034-05
67,67069,67069-03
67,67069,67069-06
83,83001,83001-03
83,83001,83001-04
83,83001,83001-05
83,83001,83001-06
